2021-09-30 13:17:23,261.135,+2.14 (+0.82%),2691100.0,327.67,142.0701,-0.53 (-0.53%),46168746.0,167.13,60.66,+0.59 (+0.98%),4932100.0,71.86,3295.55,-0.17 (-0.17%),1510279.0,4142.65,283.23,-0.27 (-0.27%),16076912.0,329.18,340.07,+0.46 (+0.14%),8561088.0,415.54,274.71,-0.93 (-0.93%),1661343.0,328.0
2021-09-30 13:17:43,261.08,+2.08 (+0.8%),2692952.0,327.67,142.05,-0.55 (-0.55%),46231119.0,167.13,60.62,+0.55 (+0.92%),4934167.0,71.86,3295.55,-0.17 (-0.17%),1512006.0,4142.65,283.27,-0.26 (-0.26%),16090070.0,329.18,340.17,+0.56 (+0.16%),8566011.0,415.54,274.71,-0.93 (-0.93%),1661702.0,328.0
2021-09-30 13:18:04,261.2,+2.2 (+0.85%),2695860.0,327.67,142.125,-0.49 (-0.49%),46269917.0,167.13,60.65,+0.58 (+0.97%),4937497.0,71.86,3296.3088,-0.15 (-0.15%),1513697.0,4142.65,283.405,-0.21 (-0.21%),16099632.0,329.18,340.3525,+0.74 (+0.22%),8572574.0,415.54,274.835,-0.89 (-0.89%),1662994.0,328.0
2021-09-30 13:18:25,261.31,+2.31 (+0.89%),2698265.0,327.67,142.18,-0.46 (-0.46%),46334639.0,167.13,60.675,+0.6 (+1.01%),4941280.0,71.86,3294.74,-0.19 (-0.19%),1514728.0,4142.65,283.39,-0.21 (-0.21%),16111244.0,329.18,340.37,+0.76 (+0.22%),8578923.0,415.54,274.89,-0.87 (-0.87%),1664709.0,328.0
2021-09-30 13:18:47,261.35,+2.35 (+0.91%),2700287.0,327.67,142.155,-0.47 (-0.47%),46399176.0,167.13,60.64,+0.57 (+0.95%),4943664.0,71.86,3296.375,-0.14 (-0.14%),1515346.0,4142.65,283.36,-0.23 (-0.23%),16120046.0,329.18,340.415,+0.81 (+0.24%),8589311.0,415.54,274.8,-0.9 (-0.9%),1665482.0,328.0
2021-09-30 13:19:07,261.26,+2.26 (+0.87%),2703859.0,327.67,142.18,-0.46 (-0.46%),46469702.0,167.13,60.64,+0.57 (+0.95%),4946414.0,71.86,3296.375,-0.14 (-0.14%),1516049.0,4142.65,283.41,-0.21 (-0.21%),16144625.0,329.18,340.52,+0.91 (+0.27%),8598115.0,415.54,274.94,-0.85 (-0.85%),1668398.0,328.0
2021-09-30 13:19:29,261.4059,+2.41 (+0.93%),2705886.0,327.67,142.175,-0.46 (-0.46%),46509865.0,167.13,60.64,+0.57 (+0.95%),4949151.0,71.86,3296.375,-0.14 (-0.14%),1516443.0,4142.65,283.51,-0.17 (-0.17%),16168153.0,329.18,340.45,+0.84 (+0.25%),8603693.0,415.54,274.96,-0.84 (-0.84%),1670682.0,328.0
2021-09-30 13:19:48,261.46,+2.46 (+0.95%),2707408.0,327.67,142.145,-0.48 (-0.48%),46556728.0,167.13,60.63,+0.56 (+0.93%),4952067.0,71.86,3298.51,-0.08 (-0.08%),1517629.0,4142.65,283.51,-0.17 (-0.17%),16174428.0,329.18,340.405,+0.79 (+0.23%),8606359.0,415.54,275.0,-0.83 (-0.83%),1672109.0,328.0
2021-09-30 13:20:07,261.515,+2.52 (+0.97%),2709679.0,327.67,142.2,-0.44 (-0.44%),46579622.0,167.13,60.6681,+0.6 (+1.0%),4953932.0,71.86,3298.28,-0.09 (-0.09%),1518347.0,4142.65,283.47,-0.19 (-0.19%),16185270.0,329.18,340.44,+0.83 (+0.24%),8615696.0,415.54,274.935,-0.85 (-0.85%),1674040.0,328.0
2021-09-30 13:20:27,261.46,+2.46 (+0.95%),2712616.0,327.67,142.15,-0.48 (-0.48%),46606153.0,167.13,60.66,+0.59 (+0.98%),4955165.0,71.86,3298.6899,-0.07 (-0.07%),1518743.0,4142.65,283.5293,-0.17 (-0.17%),16194249.0,329.18,340.465,+0.85 (+0.25%),8616850.0,415.54,274.9125,-0.86 (-0.86%),1674898.0,328.0
2021-09-30 13:20:47,261.48,+2.48 (+0.96%),2714074.0,327.67,142.15,-0.48 (-0.48%),46628616.0,167.13,60.651,+0.58 (+0.97%),4957371.0,71.86,3298.3057,-0.09 (-0.09%),1519086.0,4142.65,283.47,-0.19 (-0.19%),16201833.0,329.18,340.21,+0.6 (+0.18%),8632074.0,415.54,274.9,-0.86 (-0.86%),1675562.0,328.0
2021-09-30 13:21:06,261.43,+2.43 (+0.94%),2717445.0,327.67,142.13,-0.49 (-0.49%),46655357.0,167.13,60.63,+0.56 (+0.93%),4963722.0,71.86,3297.8701,-0.1 (-0.1%),1520389.0,4142.65,283.43,-0.2 (-0.2%),16214107.0,329.18,340.155,+0.54 (+0.16%),8641616.0,415.54,274.9,-0.86 (-0.86%),1676564.0,328.0
2021-09-30 13:21:27,261.5,+2.5 (+0.97%),2720103.0,327.67,142.125,-0.49 (-0.49%),46670026.0,167.13,60.64,+0.57 (+0.95%),4965456.0,71.86,3297.7549,-0.1 (-0.1%),1522422.0,4142.65,283.47,-0.19 (-0.19%),16226259.0,329.18,340.24,+0.63 (+0.19%),8647017.0,415.54,274.95,-0.84 (-0.84%),1678324.0,328.0
2021-09-30 13:21:47,261.53,+2.53 (+0.98%),2727252.0,327.67,142.16,-0.47 (-0.47%),46699130.0,167.13,60.631,+0.56 (+0.93%),4978058.0,71.86,3298.9551,-0.07 (-0.07%),1525232.0,4142.65,283.52,-0.17 (-0.17%),16238554.0,329.18,340.23,+0.62 (+0.18%),8654273.0,415.54,274.93,-0.85 (-0.85%),1679517.0,328.0
2021-09-30 13:22:06,261.29,+2.29 (+0.88%),2734412.0,327.67,142.1,-0.51 (-0.51%),46722685.0,167.13,60.6,+0.53 (+0.88%),4985369.0,71.86,3298.3,-0.09 (-0.09%),1526889.0,4142.65,283.41,-0.21 (-0.21%),16246427.0,329.18,340.14,+0.53 (+0.16%),8658451.0,415.54,274.89,-0.87 (-0.87%),1680781.0,328.0
2021-09-30 13:22:26,261.29,+2.29 (+0.88%),2742531.0,327.67,142.08,-0.53 (-0.53%),46741532.0,167.13,60.57,+0.5 (+0.83%),4991169.0,71.86,3299.3,-0.06 (-0.06%),1528239.0,4142.65,283.28,-0.25 (-0.25%),16270508.0,329.18,340.06,+0.45 (+0.13%),8673071.0,415.54,274.87,-0.87 (-0.87%),1683803.0,328.0
2021-09-30 13:22:46,261.07,+2.07 (+0.8%),2749288.0,327.67,142.0305,-0.56 (-0.56%),46810910.0,167.13,60.55,+0.48 (+0.8%),4995901.0,71.86,3296.8899,-0.13 (-0.13%),1530619.0,4142.65,283.16,-0.3 (-0.3%),16292162.0,329.18,339.98,+0.37 (+0.11%),8681302.0,415.54,274.81,-0.89 (-0.89%),1686155.0,328.0
2021-09-30 13:23:06,261.1,+2.1 (+0.81%),2755051.0,327.67,142.0513,-0.55 (-0.55%),46844658.0,167.13,60.57,+0.5 (+0.83%),5001570.0,71.86,3296.5801,-0.14 (-0.14%),1531940.0,4142.65,283.09,-0.32 (-0.32%),16314985.0,329.18,340.05,+0.44 (+0.13%),8689839.0,415.54,274.79,-0.9 (-0.9%),1688301.0,328.0
2021-09-30 13:23:26,261.071,+2.07 (+0.8%),2759449.0,327.67,142.03,-0.56 (-0.56%),46872461.0,167.13,60.59,+0.52 (+0.87%),5002596.0,71.86,3296.5801,-0.14 (-0.14%),1532601.0,4142.65,283.05,-0.33 (-0.33%),16333622.0,329.18,339.97,+0.36 (+0.11%),8692655.0,415.54,274.8,-0.9 (-0.9%),1689365.0,328.0
2021-09-30 13:23:45,261.19,+2.19 (+0.85%),2762253.0,327.67,142.03,-0.56 (-0.56%),46938334.0,167.13,60.57,+0.5 (+0.83%),5004865.0,71.86,3296.23,-0.15 (-0.15%),1533727.0,4142.65,283.03,-0.34 (-0.34%),16344412.0,329.18,340.07,+0.46 (+0.14%),8697086.0,415.54,274.84,-0.88 (-0.88%),1691336.0,328.0
2021-09-30 13:24:06,261.2015,+2.2 (+0.85%),2764776.0,327.67,142.0309,-0.56 (-0.56%),46963852.0,167.13,60.59,+0.52 (+0.87%),5008141.0,71.86,3297.0171,-0.12 (-0.12%),1533983.0,4142.65,283.02,-0.35 (-0.35%),16355215.0,329.18,339.98,+0.37 (+0.11%),8703431.0,415.54,274.715,-0.93 (-0.93%),1693632.0,328.0
2021-09-30 13:24:26,261.07,+2.07 (+0.8%),2769611.0,327.67,141.97,-0.6 (-0.6%),47026412.0,167.13,60.55,+0.48 (+0.8%),5009866.0,71.86,3296.4751,-0.14 (-0.14%),1534984.0,4142.65,282.9501,-0.37 (-0.37%),16371733.0,329.18,339.94,+0.33 (+0.1%),8709000.0,415.54,274.73,-0.92 (-0.92%),1695539.0,328.0
2021-09-30 13:24:47,260.95,+1.95 (+0.75%),2771626.0,327.67,141.895,-0.65 (-0.65%),47068804.0,167.13,60.51,+0.44 (+0.73%),5013527.0,71.86,3294.135,-0.21 (-0.21%),1537048.0,4142.65,282.85,-0.4 (-0.4%),16400767.0,329.18,339.8,+0.19 (+0.06%),8726358.0,415.54,274.65,-0.95 (-0.95%),1697499.0,328.0
2021-09-30 13:25:07,261.13,+2.13 (+0.82%),2776060.0,327.67,141.94,-0.62 (-0.62%),47152192.0,167.13,60.54,+0.47 (+0.78%),5016303.0,71.86,3294.3799,-0.2 (-0.2%),1537544.0,4142.65,283.0,-0.35 (-0.35%),16427639.0,329.18,339.77,+0.16 (+0.05%),8736314.0,415.54,274.67,-0.94 (-0.94%),1699819.0,328.0
2021-09-30 13:25:27,261.02,+2.02 (+0.78%),2778758.0,327.67,141.875,-0.67 (-0.67%),47194615.0,167.13,60.51,+0.44 (+0.73%),5018874.0,71.86,3294.3201,-0.21 (-0.21%),1538523.0,4142.65,282.885,-0.39 (-0.39%),16436389.0,329.18,339.6472,+0.04 (+0.01%),8742108.0,415.54,274.56,-0.98 (-0.98%),1701656.0,328.0
2021-09-30 13:25:45,261.0199,+2.02 (+0.78%),2780029.0,327.67,141.85,-0.69 (-0.69%),47258427.0,167.13,60.5382,+0.47 (+0.78%),5084008.0,71.86,3294.3201,-0.21 (-0.21%),1538762.0,4142.65,282.88,-0.39 (-0.39%),16446256.0,329.18,339.72,+0.11 (+0.03%),8747109.0,415.54,274.54,-0.99 (-0.99%),1703366.0,328.0
2021-09-30 13:26:05,261.075,+2.08 (+0.8%),2781777.0,327.67,141.8709,-0.67 (-0.67%),47294456.0,167.13,60.57,+0.5 (+0.83%),5160458.0,71.86,3293.79,-0.22 (-0.22%),1540318.0,4142.65,282.798,-0.42 (-0.42%),16457725.0,329.18,339.67,+0.06 (+0.02%),8752624.0,415.54,274.5,-1.01 (-1.01%),1704281.0,328.0
2021-09-30 13:26:25,261.0412,+2.04 (+0.79%),2784447.0,327.67,141.87,-0.67 (-0.67%),47348779.0,167.13,60.5801,+0.51 (+0.85%),5163851.0,71.86,3293.79,-0.22 (-0.22%),1541160.0,4142.65,282.795,-0.42 (-0.42%),16467256.0,329.18,339.66,+0.05 (+0.01%),8759747.0,415.54,274.53,-1.0 (-1.0%),1706003.0,328.0
2021-09-30 13:26:47,261.075,+2.08 (+0.8%),2787487.0,327.67,141.865,-0.68 (-0.68%),47399257.0,167.13,60.59,+0.52 (+0.87%),5168498.0,71.86,3293.79,-0.22 (-0.22%),1541824.0,4142.65,282.865,-0.4 (-0.4%),16474774.0,329.18,339.79,+0.18 (+0.05%),8764838.0,415.54,274.5,-1.01 (-1.01%),1706541.0,328.0
2021-09-30 13:27:06,261.08,+2.08 (+0.8%),2790095.0,327.67,141.85,-0.69 (-0.69%),47451126.0,167.13,60.59,+0.52 (+0.87%),5171963.0,71.86,3294.6001,-0.2 (-0.2%),1542157.0,4142.65,282.77,-0.43 (-0.43%),16488572.0,329.18,339.76,+0.15 (+0.04%),8771381.0,415.54,274.44,-1.03 (-1.03%),1709593.0,328.0
2021-09-30 13:27:27,261.09,+2.09 (+0.81%),2793675.0,327.67,141.86,-0.68 (-0.68%),47484276.0,167.13,60.56,+0.49 (+0.82%),5174739.0,71.86,3293.5801,-0.23 (-0.23%),1544268.0,4142.65,282.68,-0.46 (-0.46%),16502362.0,329.18,339.55,-0.02 (-0.02%),8778187.0,415.54,274.455,-1.02 (-1.02%),1710055.0,328.0
2021-09-30 13:27:47,260.98,+1.98 (+0.76%),2795246.0,327.67,141.855,-0.68 (-0.68%),47557849.0,167.13,60.58,+0.51 (+0.85%),5176964.0,71.86,3294.085,-0.21 (-0.21%),1546302.0,4142.65,282.7065,-0.46 (-0.46%),16509925.0,329.18,339.6,-0.0 (-0.0%),8784617.0,415.54,274.47,-1.02 (-1.02%),1711837.0,328.0
2021-09-30 13:28:06,261.03,+2.03 (+0.78%),2795777.0,327.67,141.88,-0.67 (-0.67%),47591138.0,167.13,60.58,+0.51 (+0.85%),5185526.0,71.86,3294.96,-0.19 (-0.19%),1546954.0,4142.65,282.75,-0.44 (-0.44%),16518713.0,329.18,339.6676,+0.06 (+0.02%),8790194.0,415.54,274.493,-1.01 (-1.01%),1712858.0,328.0
2021-09-30 13:28:26,261.11,+2.11 (+0.81%),2796334.0,327.67,141.89,-0.66 (-0.66%),47627096.0,167.13,60.61,+0.54 (+0.9%),5186796.0,71.86,3294.96,-0.19 (-0.19%),1547582.0,4142.65,282.76,-0.44 (-0.44%),16525687.0,329.18,339.61,-0.0 (-0.0%),8795322.0,415.54,274.48,-1.01 (-1.01%),1713587.0,328.0
2021-09-30 13:28:46,261.135,+2.14 (+0.82%),2797229.0,327.67,141.8846,-0.66 (-0.66%),47654586.0,167.13,60.62,+0.55 (+0.92%),5194355.0,71.86,3295.02,-0.18 (-0.18%),1548728.0,4142.65,282.79,-0.43 (-0.43%),16531087.0,329.18,339.6,-0.0 (-0.0%),8801128.0,415.54,274.55,-0.99 (-0.99%),1716974.0,328.0
2021-09-30 13:29:05,261.265,+2.27 (+0.87%),2799364.0,327.67,141.861,-0.68 (-0.68%),47692490.0,167.13,60.635,+0.56 (+0.94%),5196493.0,71.86,3296.8938,-0.13 (-0.13%),1550336.0,4142.65,282.74,-0.44 (-0.44%),16538587.0,329.18,339.6,-0.0 (-0.0%),8806235.0,415.54,274.41,-1.04 (-1.04%),1718682.0,328.0
2021-09-30 13:29:25,261.17,+2.17 (+0.84%),2800960.0,327.67,141.84,-0.69 (-0.69%),47721858.0,167.13,60.61,+0.54 (+0.9%),5197765.0,71.86,3296.5601,-0.14 (-0.14%),1551297.0,4142.65,282.655,-0.47 (-0.47%),16546294.0,329.18,339.54,-0.02 (-0.02%),8822120.0,415.54,274.5,-1.01 (-1.01%),1719501.0,328.0
2021-09-30 13:29:46,261.08,+2.08 (+0.8%),2801726.0,327.67,141.81,-0.71 (-0.71%),47764360.0,167.13,60.6,+0.53 (+0.88%),5201322.0,71.86,3295.634,-0.17 (-0.17%),1553468.0,4142.65,282.57,-0.5 (-0.5%),16554359.0,329.18,339.445,-0.05 (-0.05%),8826675.0,415.54,274.4,-1.04 (-1.04%),1722170.0,328.0
2021-09-30 13:30:07,261.01,+2.01 (+0.78%),2804029.0,327.67,141.82,-0.71 (-0.71%),47806365.0,167.13,60.6,+0.53 (+0.88%),5203031.0,71.86,3295.3723,-0.17 (-0.17%),1554144.0,4142.65,282.64,-0.48 (-0.48%),16566221.0,329.18,339.477,-0.04 (-0.04%),8831485.0,415.54,274.295,-1.08 (-1.08%),1724294.0,328.0
2021-09-30 13:30:27,260.95,+1.95 (+0.75%),2806498.0,327.67,141.79,-0.73 (-0.73%),47831936.0,167.13,60.56,+0.49 (+0.82%),5206544.0,71.86,3295.3723,-0.17 (-0.17%),1554589.0,4142.65,282.54,-0.51 (-0.51%),16582062.0,329.18,339.47,-0.04 (-0.04%),8842835.0,415.54,274.23,-1.1 (-1.1%),1725991.0,328.0
2021-09-30 13:30:47,260.82,+1.82 (+0.7%),2808744.0,327.67,141.77,-0.74 (-0.74%),47876045.0,167.13,60.56,+0.49 (+0.82%),5207192.0,71.86,3294.1101,-0.21 (-0.21%),1555433.0,4142.65,282.55,-0.51 (-0.51%),16591700.0,329.18,339.35,-0.08 (-0.08%),8855676.0,415.54,274.16,-1.13 (-1.13%),1727188.0,328.0
2021-09-30 13:31:09,260.81,+1.81 (+0.7%),2811621.0,327.67,141.76,-0.75 (-0.75%),47914888.0,167.13,60.54,+0.47 (+0.78%),5210259.0,71.86,3292.2263,-0.27 (-0.27%),1556706.0,4142.65,282.6,-0.49 (-0.49%),16602178.0,329.18,339.38,-0.07 (-0.07%),8862398.0,415.54,274.24,-1.1 (-1.1%),1732619.0,328.0
2021-09-30 13:31:30,260.64,+1.64 (+0.63%),2814830.0,327.67,141.7012,-0.79 (-0.79%),47957173.0,167.13,60.55,+0.48 (+0.8%),5212951.0,71.86,3292.5801,-0.26 (-0.26%),1557948.0,4142.65,282.68,-0.46 (-0.46%),16607305.0,329.18,339.47,-0.04 (-0.04%),8868333.0,415.54,274.23,-1.1 (-1.1%),1733441.0,328.0
2021-09-30 13:31:52,260.76,+1.76 (+0.68%),2818314.0,327.67,141.725,-0.77 (-0.77%),48084305.0,167.13,60.54,+0.47 (+0.78%),5213927.0,71.86,3293.01,-0.25 (-0.25%),1558441.0,4142.65,282.64,-0.48 (-0.48%),16614320.0,329.18,339.47,-0.04 (-0.04%),8873793.0,415.54,274.18,-1.12 (-1.12%),1735184.0,328.0
2021-09-30 13:32:13,260.7483,+1.75 (+0.68%),2820131.0,327.67,141.7,-0.79 (-0.79%),48168627.0,167.13,60.54,+0.47 (+0.78%),5215065.0,71.86,3292.0249,-0.28 (-0.28%),1562658.0,4142.65,282.6368,-0.48 (-0.48%),16623687.0,329.18,339.514,-0.03 (-0.03%),8879867.0,415.54,274.26,-1.09 (-1.09%),1735632.0,328.0
2021-09-30 13:32:34,260.75,+1.75 (+0.68%),2823231.0,327.67,141.735,-0.77 (-0.77%),48207579.0,167.13,60.57,+0.5 (+0.83%),5218928.0,71.86,3292.0249,-0.28 (-0.28%),1562879.0,4142.65,282.65,-0.48 (-0.48%),16628500.0,329.18,339.48,-0.04 (-0.04%),8886824.0,415.54,274.28,-1.09 (-1.09%),1737676.0,328.0
2021-09-30 13:32:57,260.8,+1.8 (+0.69%),2824099.0,327.67,141.695,-0.79 (-0.79%),48249831.0,167.13,60.5435,+0.47 (+0.79%),5219589.0,71.86,3291.375,-0.3 (-0.3%),1563946.0,4142.65,282.67,-0.47 (-0.47%),16634354.0,329.18,339.445,-0.05 (-0.05%),8894616.0,415.54,274.18,-1.12 (-1.12%),1738856.0,328.0
2021-09-30 13:33:16,260.71,+1.71 (+0.66%),2828582.0,327.67,141.745,-0.76 (-0.76%),48332465.0,167.13,60.5599,+0.49 (+0.82%),5221722.0,71.86,3291.8,-0.28 (-0.28%),1564856.0,4142.65,282.7097,-0.45 (-0.45%),16637967.0,329.18,339.53,-0.02 (-0.02%),8898482.0,415.54,274.2078,-1.11 (-1.11%),1740446.0,328.0
2021-09-30 13:33:37,260.71,+1.71 (+0.66%),2829679.0,327.67,141.72,-0.78 (-0.78%),48368515.0,167.13,60.5562,+0.49 (+0.81%),5223603.0,71.86,3291.9551,-0.28 (-0.28%),1565364.0,4142.65,282.66,-0.47 (-0.47%),16644757.0,329.18,339.52,-0.03 (-0.03%),8911587.0,415.54,274.25,-1.1 (-1.1%),1743523.0,328.0
2021-09-30 13:34:00,260.75,+1.75 (+0.68%),2831278.0,327.67,141.76,-0.75 (-0.75%),48394387.0,167.13,60.57,+0.5 (+0.83%),5225547.0,71.86,3291.9551,-0.28 (-0.28%),1566022.0,4142.65,282.74,-0.44 (-0.44%),16664713.0,329.18,339.54,-0.02 (-0.02%),8916800.0,415.54,274.2168,-1.11 (-1.11%),1746529.0,328.0
2021-09-30 13:34:20,260.7,+1.7 (+0.66%),2832559.0,327.67,141.765,-0.75 (-0.75%),48424878.0,167.13,60.54,+0.47 (+0.78%),5227093.0,71.86,3290.8701,-0.31 (-0.31%),1567805.0,4142.65,282.73,-0.45 (-0.45%),16673747.0,329.18,339.415,-0.06 (-0.06%),8922766.0,415.54,274.16,-1.13 (-1.13%),1748132.0,328.0
2021-09-30 13:34:40,260.72,+1.72 (+0.66%),2833984.0,327.67,141.74,-0.76 (-0.76%),48449586.0,167.13,60.505,+0.44 (+0.72%),5230045.0,71.86,3290.0,-0.34 (-0.34%),1569401.0,4142.65,282.84,-0.41 (-0.41%),16684940.0,329.18,339.46,-0.04 (-0.04%),8930967.0,415.54,274.11,-1.15 (-1.15%),1751412.0,328.0
2021-09-30 13:35:01,260.74,+1.74 (+0.67%),2836158.0,327.67,141.7401,-0.76 (-0.76%),48479505.0,167.13,60.53,+0.46 (+0.77%),5238234.0,71.86,3290.8701,-0.31 (-0.31%),1570294.0,4142.65,282.73,-0.45 (-0.45%),16696111.0,329.18,339.45,-0.05 (-0.05%),8940398.0,415.54,273.97,-1.2 (-1.2%),1758367.0,328.0
2021-09-30 13:35:23,260.58,+1.58 (+0.61%),2844168.0,327.67,141.7,-0.79 (-0.79%),48538906.0,167.13,60.49,+0.42 (+0.7%),5241914.0,71.86,3290.8501,-0.31 (-0.31%),1571855.0,4142.65,282.66,-0.47 (-0.47%),16724646.0,329.18,339.45,-0.05 (-0.05%),8947157.0,415.54,273.93,-1.21 (-1.21%),1759882.0,328.0
2021-09-30 13:35:43,260.62,+1.62 (+0.63%),2845989.0,327.67,141.7,-0.79 (-0.79%),48575966.0,167.13,60.49,+0.42 (+0.7%),5244999.0,71.86,3289.7251,-0.35 (-0.35%),1572940.0,4142.65,282.68,-0.46 (-0.46%),16736373.0,329.18,339.679,+0.07 (+0.02%),8955114.0,415.54,273.93,-1.21 (-1.21%),1761210.0,328.0
2021-09-30 13:36:06,260.68,+1.68 (+0.65%),2848592.0,327.67,141.725,-0.77 (-0.77%),48604068.0,167.13,60.52,+0.45 (+0.75%),5253719.0,71.86,3289.8501,-0.34 (-0.34%),1575179.0,4142.65,282.78,-0.43 (-0.43%),16749838.0,329.18,339.765,+0.16 (+0.05%),8964448.0,415.54,273.91,-1.22 (-1.22%),1762318.0,328.0
2021-09-30 13:36:28,260.785,+1.79 (+0.69%),2850315.0,327.67,141.76,-0.75 (-0.75%),48683111.0,167.13,60.5041,+0.43 (+0.72%),5258324.0,71.86,3289.47,-0.35 (-0.35%),1576669.0,4142.65,282.85,-0.4 (-0.4%),16763478.0,329.18,339.8699,+0.26 (+0.08%),8974447.0,415.54,273.91,-1.22 (-1.22%),1762523.0,328.0
2021-09-30 13:36:47,260.905,+1.9 (+0.74%),2852169.0,327.67,141.7949,-0.72 (-0.72%),48718144.0,167.13,60.55,+0.48 (+0.8%),5260910.0,71.86,3290.95,-0.31 (-0.31%),1578001.0,4142.65,283.0395,-0.34 (-0.34%),16792667.0,329.18,339.9684,+0.36 (+0.11%),8984549.0,415.54,273.9909,-1.19 (-1.19%),1767787.0,328.0
2021-09-30 13:37:07,260.9991,+2.0 (+0.77%),2853727.0,327.67,141.86,-0.68 (-0.68%),48782255.0,167.13,60.61,+0.54 (+0.9%),5272135.0,71.86,3293.0,-0.25 (-0.25%),1582514.0,4142.65,283.1699,-0.29 (-0.29%),16824933.0,329.18,340.095,+0.49 (+0.14%),8998616.0,415.54,274.18,-1.12 (-1.12%),1771581.0,328.0
2021-09-30 13:37:29,261.24,+2.24 (+0.86%),2857758.0,327.67,141.92,-0.64 (-0.64%),48870194.0,167.13,60.635,+0.56 (+0.94%),5279383.0,71.86,3293.4209,-0.23 (-0.23%),1586032.0,4142.65,283.17,-0.29 (-0.29%),16841921.0,329.18,340.14,+0.53 (+0.16%),9010672.0,415.54,274.11,-1.15 (-1.15%),1774863.0,328.0
2021-09-30 13:37:50,261.22,+2.22 (+0.86%),2860565.0,327.67,141.931,-0.63 (-0.63%),48906782.0,167.13,60.66,+0.59 (+0.98%),5282933.0,71.86,3294.0,-0.22 (-0.22%),1588122.0,4142.65,283.2,-0.28 (-0.28%),16851041.0,329.18,340.12,+0.51 (+0.15%),9016657.0,415.54,274.165,-1.13 (-1.13%),1776020.0,328.0
2021-09-30 13:38:11,261.2,+2.2 (+0.85%),2862764.0,327.67,141.96,-0.61 (-0.61%),48937509.0,167.13,60.67,+0.6 (+1.0%),5284694.0,71.86,3294.8501,-0.19 (-0.19%),1589854.0,4142.65,283.3042,-0.25 (-0.25%),16860871.0,329.18,340.205,+0.59 (+0.18%),9040282.0,415.54,274.1844,-1.12 (-1.12%),1780560.0,328.0
2021-09-30 13:38:30,261.14,+2.14 (+0.83%),2865372.0,327.67,141.975,-0.6 (-0.6%),48988857.0,167.13,60.631,+0.56 (+0.93%),5286287.0,71.86,3294.1421,-0.21 (-0.21%),1591237.0,4142.65,283.33,-0.24 (-0.24%),16867014.0,329.18,340.27,+0.66 (+0.19%),9045791.0,415.54,274.18,-1.12 (-1.12%),1784624.0,328.0
2021-09-30 13:38:50,261.24,+2.24 (+0.86%),2867606.0,327.67,142.025,-0.56 (-0.56%),49018076.0,167.13,60.67,+0.6 (+1.0%),5288418.0,71.86,3295.45,-0.17 (-0.17%),1591876.0,4142.65,283.43,-0.2 (-0.2%),16883450.0,329.18,340.4488,+0.84 (+0.25%),9056966.0,415.54,274.325,-1.07 (-1.07%),1788969.0,328.0
2021-09-30 13:39:10,261.25,+2.25 (+0.87%),2869983.0,327.67,142.015,-0.57 (-0.57%),49058573.0,167.13,60.68,+0.61 (+1.02%),5293561.0,71.86,3296.4351,-0.14 (-0.14%),1593330.0,4142.65,283.34,-0.23 (-0.23%),16901472.0,329.18,340.43,+0.82 (+0.24%),9077784.0,415.54,274.31,-1.07 (-1.07%),1790354.0,328.0
2021-09-30 13:39:30,261.2199,+2.22 (+0.86%),2872441.0,327.67,142.0026,-0.58 (-0.58%),49113774.0,167.13,60.67,+0.6 (+1.0%),5298078.0,71.86,3296.4351,-0.14 (-0.14%),1593582.0,4142.65,283.36,-0.23 (-0.23%),16910233.0,329.18,340.36,+0.75 (+0.22%),9083656.0,415.54,274.21,-1.11 (-1.11%),1791380.0,328.0
2021-09-30 13:39:53,261.09,+2.09 (+0.81%),2877189.0,327.67,142.01,-0.57 (-0.57%),49152283.0,167.13,60.64,+0.57 (+0.95%),5298555.0,71.86,3295.01,-0.19 (-0.19%),1594051.0,4142.65,283.24,-0.27 (-0.27%),16937433.0,329.18,340.395,+0.78 (+0.23%),9103089.0,415.54,274.21,-1.11 (-1.11%),1792616.0,328.0
2021-09-30 13:40:13,261.16,+2.16 (+0.83%),2879761.0,327.67,142.02,-0.57 (-0.57%),49186065.0,167.13,60.6593,+0.59 (+0.98%),5302187.0,71.86,3295.0,-0.19 (-0.19%),1597997.0,4142.65,283.2737,-0.26 (-0.26%),16955310.0,329.18,340.41,+0.8 (+0.24%),9117487.0,415.54,274.21,-1.11 (-1.11%),1793065.0,328.0
2021-09-30 13:40:33,261.2,+2.2 (+0.85%),2881552.0,327.67,142.05,-0.55 (-0.55%),49210612.0,167.13,60.68,+0.61 (+1.02%),5308664.0,71.86,3295.0,-0.19 (-0.19%),1598101.0,4142.65,283.3894,-0.21 (-0.21%),16968346.0,329.18,340.49,+0.88 (+0.26%),9133394.0,415.54,274.34,-1.06 (-1.06%),1795034.0,328.0
2021-09-30 13:40:53,261.2,+2.2 (+0.85%),2884406.0,327.67,142.03,-0.56 (-0.56%),49237068.0,167.13,60.685,+0.62 (+1.02%),5309517.0,71.86,3295.0,-0.19 (-0.19%),1600603.0,4142.65,283.2851,-0.25 (-0.25%),16978910.0,329.18,340.485,+0.87 (+0.26%),9139475.0,415.54,274.19,-1.12 (-1.12%),1796140.0,328.0
2021-09-30 13:41:13,261.19,+2.19 (+0.85%),2888288.0,327.67,142.005,-0.58 (-0.58%),49251803.0,167.13,60.64,+0.57 (+0.95%),5311071.0,71.86,3295.0,-0.19 (-0.19%),1600947.0,4142.65,283.27,-0.26 (-0.26%),16989991.0,329.18,340.42,+0.81 (+0.24%),9152586.0,415.54,274.12,-1.14 (-1.14%),1797859.0,328.0
2021-09-30 13:41:33,261.1006,+2.1 (+0.81%),2891550.0,327.67,142.02,-0.57 (-0.57%),49277317.0,167.13,60.64,+0.57 (+0.95%),5312737.0,71.86,3295.0,-0.19 (-0.19%),1601259.0,4142.65,283.2504,-0.26 (-0.26%),16998790.0,329.18,340.45,+0.84 (+0.25%),9157830.0,415.54,274.13,-1.14 (-1.14%),1798672.0,328.0
2021-09-30 13:41:54,261.01,+2.01 (+0.78%),2893474.0,327.67,141.98,-0.6 (-0.6%),49316520.0,167.13,60.61,+0.54 (+0.9%),5315170.0,71.86,3295.51,-0.17 (-0.17%),1603116.0,4142.65,283.18,-0.29 (-0.29%),17024254.0,329.18,340.385,+0.78 (+0.23%),9164313.0,415.54,274.14,-1.14 (-1.14%),1800603.0,328.0
2021-09-30 13:42:15,261.11,+2.11 (+0.81%),2895825.0,327.67,142.03,-0.56 (-0.56%),49348964.0,167.13,60.63,+0.56 (+0.93%),5317550.0,71.86,3294.9299,-0.19 (-0.19%),1604253.0,4142.65,283.29,-0.25 (-0.25%),17040058.0,329.18,340.515,+0.91 (+0.27%),9168643.0,415.54,274.145,-1.13 (-1.13%),1801662.0,328.0
2021-09-30 13:42:36,261.01,+2.01 (+0.78%),2898241.0,327.67,141.98,-0.6 (-0.6%),49403259.0,167.13,60.62,+0.55 (+0.92%),5318948.0,71.86,3293.885,-0.22 (-0.22%),1605194.0,4142.65,283.155,-0.3 (-0.3%),17050017.0,329.18,340.52,+0.91 (+0.27%),9184039.0,415.54,274.12,-1.14 (-1.14%),1805068.0,328.0
2021-09-30 13:42:59,261.0706,+2.07 (+0.8%),2899509.0,327.67,141.945,-0.62 (-0.62%),49436092.0,167.13,60.6,+0.53 (+0.88%),5319576.0,71.86,3293.885,-0.22 (-0.22%),1605906.0,4142.65,283.14,-0.3 (-0.3%),17064205.0,329.18,340.5,+0.89 (+0.26%),9190881.0,415.54,274.0798,-1.16 (-1.16%),1806773.0,328.0
2021-09-30 13:43:20,261.05,+2.05 (+0.79%),2902160.0,327.67,141.99,-0.59 (-0.59%),49467031.0,167.13,60.6,+0.53 (+0.88%),5322795.0,71.86,3293.885,-0.22 (-0.22%),1606074.0,4142.65,283.14,-0.3 (-0.3%),17072772.0,329.18,340.46,+0.85 (+0.25%),9196198.0,415.54,274.0798,-1.16 (-1.16%),1807019.0,328.0
2021-09-30 13:43:41,261.095,+2.1 (+0.81%),2904512.0,327.67,141.965,-0.61 (-0.61%),49489370.0,167.13,60.6,+0.53 (+0.88%),5324966.0,71.86,3293.885,-0.22 (-0.22%),1606388.0,4142.65,283.0652,-0.33 (-0.33%),17084982.0,329.18,340.51,+0.9 (+0.27%),9206014.0,415.54,274.1,-1.15 (-1.15%),1809278.0,328.0
2021-09-30 13:44:01,261.055,+2.05 (+0.79%),2905234.0,327.67,141.96,-0.61 (-0.61%),49516086.0,167.13,60.62,+0.55 (+0.92%),5326350.0,71.86,3292.3364,-0.27 (-0.27%),1607078.0,4142.65,283.04,-0.34 (-0.34%),17094782.0,329.18,340.505,+0.9 (+0.26%),9210695.0,415.54,274.11,-1.15 (-1.15%),1810538.0,328.0
2021-09-30 13:44:21,261.055,+2.05 (+0.79%),2905736.0,327.67,141.965,-0.61 (-0.61%),49542123.0,167.13,60.63,+0.56 (+0.93%),5327862.0,71.86,3294.8198,-0.19 (-0.19%),1607478.0,4142.65,283.15,-0.3 (-0.3%),17106779.0,329.18,340.48,+0.87 (+0.26%),9232494.0,415.54,274.22,-1.11 (-1.11%),1813309.0,328.0
2021-09-30 13:44:42,261.23,+2.23 (+0.86%),2908231.0,327.67,141.99,-0.59 (-0.59%),49581205.0,167.13,60.64,+0.57 (+0.95%),5329805.0,71.86,3294.8198,-0.19 (-0.19%),1607697.0,4142.65,283.09,-0.32 (-0.32%),17116320.0,329.18,340.48,+0.87 (+0.26%),9242023.0,415.54,274.23,-1.1 (-1.1%),1815010.0,328.0
2021-09-30 13:45:02,261.18,+2.18 (+0.84%),2909901.0,327.67,142.0299,-0.56 (-0.56%),49608038.0,167.13,60.63,+0.56 (+0.93%),5331650.0,71.86,3294.6118,-0.2 (-0.2%),1608825.0,4142.65,283.1,-0.32 (-0.32%),17124257.0,329.18,340.42,+0.81 (+0.24%),9261792.0,415.54,274.29,-1.08 (-1.08%),1818302.0,328.0
2021-09-30 13:45:25,261.14,+2.14 (+0.83%),2911170.0,327.67,142.02,-0.57 (-0.57%),49662643.0,167.13,60.635,+0.56 (+0.94%),5335396.0,71.86,3294.6118,-0.2 (-0.2%),1609594.0,4142.65,283.18,-0.29 (-0.29%),17128354.0,329.18,340.515,+0.91 (+0.27%),9270860.0,415.54,274.375,-1.05 (-1.05%),1821921.0,328.0
2021-09-30 13:45:47,261.2582,+2.26 (+0.87%),2912065.0,327.67,142.015,-0.57 (-0.57%),49733266.0,167.13,60.63,+0.56 (+0.93%),5338215.0,71.86,3295.4299,-0.17 (-0.17%),1610251.0,4142.65,283.1,-0.32 (-0.32%),17146542.0,329.18,340.45,+0.84 (+0.25%),9279042.0,415.54,274.37,-1.05 (-1.05%),1823018.0,328.0
2021-09-30 13:46:06,261.27,+2.27 (+0.88%),2913399.0,327.67,141.995,-0.58 (-0.58%),49761281.0,167.13,60.64,+0.57 (+0.95%),5339487.0,71.86,3295.6899,-0.16 (-0.16%),1611364.0,4142.65,283.23,-0.27 (-0.27%),17153577.0,329.18,340.515,+0.91 (+0.27%),9290418.0,415.54,274.415,-1.04 (-1.04%),1826726.0,328.0
2021-09-30 13:46:28,261.395,+2.39 (+0.92%),2914754.0,327.67,142.0382,-0.55 (-0.55%),49809970.0,167.13,60.64,+0.57 (+0.95%),5341885.0,71.86,3295.9399,-0.16 (-0.16%),1611874.0,4142.65,283.26,-0.26 (-0.26%),17162407.0,329.18,340.5,+0.89 (+0.26%),9293349.0,415.54,274.4813,-1.01 (-1.01%),1827722.0,328.0
2021-09-30 13:46:48,261.4,+2.4 (+0.93%),2916201.0,327.67,142.075,-0.53 (-0.53%),49837987.0,167.13,60.65,+0.58 (+0.97%),5343439.0,71.86,3295.9399,-0.16 (-0.16%),1612361.0,4142.65,283.36,-0.23 (-0.23%),17172989.0,329.18,340.4978,+0.89 (+0.26%),9306225.0,415.54,274.515,-1.0 (-1.0%),1829084.0,328.0
2021-09-30 13:47:08,261.44,+2.44 (+0.94%),2917734.0,327.67,142.05,-0.55 (-0.55%),49891523.0,167.13,60.64,+0.57 (+0.95%),5345750.0,71.86,3295.9399,-0.16 (-0.16%),1612749.0,4142.65,283.24,-0.27 (-0.27%),17191243.0,329.18,340.38,+0.77 (+0.23%),9323414.0,415.54,274.46,-1.02 (-1.02%),1831082.0,328.0
2021-09-30 13:47:29,261.33,+2.33 (+0.9%),2919904.0,327.67,141.9938,-0.59 (-0.59%),49952720.0,167.13,60.63,+0.56 (+0.93%),5347425.0,71.86,3295.9399,-0.16 (-0.16%),1613450.0,4142.65,283.1425,-0.3 (-0.3%),17205347.0,329.18,340.29,+0.68 (+0.2%),9326717.0,415.54,274.5,-1.01 (-1.01%),1831592.0,328.0
2021-09-30 13:47:51,261.3,+2.3 (+0.89%),2921327.0,327.67,142.0284,-0.56 (-0.56%),49996912.0,167.13,60.625,+0.55 (+0.92%),5349622.0,71.86,3294.1599,-0.21 (-0.21%),1613969.0,4142.65,283.0182,-0.35 (-0.35%),17220950.0,329.18,340.1577,+0.55 (+0.16%),9334511.0,415.54,274.46,-1.02 (-1.02%),1833097.0,328.0
2021-09-30 13:48:13,261.12,+2.12 (+0.82%),2923911.0,327.67,141.897,-0.65 (-0.65%),50101133.0,167.13,60.59,+0.52 (+0.87%),5352797.0,71.86,3294.1599,-0.21 (-0.21%),1614793.0,4142.65,282.89,-0.39 (-0.39%),17236421.0,329.18,340.095,+0.49 (+0.14%),9355146.0,415.54,274.46,-1.02 (-1.02%),1834025.0,328.0
2021-09-30 13:48:33,261.12,+2.12 (+0.82%),2924442.0,327.67,141.8175,-0.71 (-0.71%),50175890.0,167.13,60.53,+0.46 (+0.77%),5354713.0,71.86,3290.4324,-0.32 (-0.32%),1616965.0,4142.65,282.75,-0.44 (-0.44%),17273649.0,329.18,339.9101,+0.3 (+0.09%),9370668.0,415.54,274.36,-1.06 (-1.06%),1835426.0,328.0
2021-09-30 13:48:55,260.97,+1.97 (+0.76%),2926924.0,327.67,141.845,-0.69 (-0.69%),50229838.0,167.13,60.58,+0.51 (+0.85%),5363277.0,71.86,3290.4324,-0.32 (-0.32%),1617106.0,4142.65,282.88,-0.39 (-0.39%),17291186.0,329.18,340.14,+0.53 (+0.16%),9376000.0,415.54,274.4,-1.04 (-1.04%),1835852.0,328.0
2021-09-30 13:49:15,261.065,+2.07 (+0.8%),2928463.0,327.67,141.879,-0.67 (-0.67%),50265244.0,167.13,60.56,+0.49 (+0.82%),5363890.0,71.86,3290.4324,-0.32 (-0.32%),1617587.0,4142.65,282.831,-0.41 (-0.41%),17299292.0,329.18,340.04,+0.43 (+0.13%),9381377.0,415.54,274.4,-1.04 (-1.04%),1836237.0,328.0
2021-09-30 13:49:35,261.035,+2.04 (+0.79%),2929729.0,327.67,141.88,-0.67 (-0.67%),50286643.0,167.13,60.55,+0.48 (+0.8%),5365256.0,71.86,3290.4324,-0.32 (-0.32%),1617968.0,4142.65,282.7128,-0.45 (-0.45%),17309684.0,329.18,339.945,+0.34 (+0.1%),9384712.0,415.54,274.43,-1.03 (-1.03%),1836371.0,328.0
2021-09-30 13:49:55,261.03,+2.03 (+0.78%),2931190.0,327.67,141.93,-0.63 (-0.63%),50321788.0,167.13,60.61,+0.54 (+0.9%),5367561.0,71.86,3289.8799,-0.34 (-0.34%),1619674.0,4142.65,282.91,-0.38 (-0.38%),17322190.0,329.18,340.29,+0.68 (+0.2%),9392241.0,415.54,274.555,-0.99 (-0.99%),1837454.0,328.0
2021-09-30 13:50:16,261.32,+2.32 (+0.9%),2934570.0,327.67,141.95,-0.62 (-0.62%),50379833.0,167.13,60.58,+0.51 (+0.85%),5376197.0,71.86,3291.8545,-0.28 (-0.28%),1620688.0,4142.65,282.7859,-0.43 (-0.43%),17334415.0,329.18,340.22,+0.61 (+0.18%),9397741.0,415.54,274.57,-0.98 (-0.98%),1837756.0,328.0
2021-09-30 13:50:36,261.185,+2.18 (+0.84%),2936596.0,327.67,141.97,-0.6 (-0.6%),50406869.0,167.13,60.59,+0.52 (+0.87%),5378127.0,71.86,3291.8545,-0.28 (-0.28%),1621269.0,4142.65,282.94,-0.37 (-0.37%),17343309.0,329.18,340.42,+0.81 (+0.24%),9400718.0,415.54,274.57,-0.98 (-0.98%),1839029.0,328.0
2021-09-30 13:50:56,261.37,+2.37 (+0.92%),2937860.0,327.67,142.0422,-0.55 (-0.55%),50448338.0,167.13,60.62,+0.55 (+0.92%),5381496.0,71.86,3291.8545,-0.28 (-0.28%),1621764.0,4142.65,282.91,-0.38 (-0.38%),17356388.0,329.18,340.32,+0.71 (+0.21%),9406570.0,415.54,274.53,-1.0 (-1.0%),1839648.0,328.0
2021-09-30 13:51:19,261.35,+2.35 (+0.91%),2940301.0,327.67,141.96,-0.61 (-0.61%),50518549.0,167.13,60.56,+0.49 (+0.82%),5383542.0,71.86,3290.4238,-0.32 (-0.32%),1623057.0,4142.65,282.8,-0.42 (-0.42%),17366989.0,329.18,340.1582,+0.55 (+0.16%),9423147.0,415.54,274.53,-1.0 (-1.0%),1840415.0,328.0
2021-09-30 13:51:40,261.2013,+2.2 (+0.85%),2941695.0,327.67,141.965,-0.61 (-0.61%),50534849.0,167.13,60.57,+0.5 (+0.83%),5385375.0,71.86,3291.1299,-0.3 (-0.3%),1623770.0,4142.65,282.85,-0.4 (-0.4%),17377006.0,329.18,340.2,+0.59 (+0.17%),9428798.0,415.54,274.525,-1.0 (-1.0%),1840549.0,328.0
2021-09-30 13:52:00,261.27,+2.27 (+0.88%),2943428.0,327.67,142.0,-0.58 (-0.58%),50560887.0,167.13,60.58,+0.51 (+0.85%),5390816.0,71.86,3291.01,-0.31 (-0.31%),1624856.0,4142.65,282.84,-0.41 (-0.41%),17382717.0,329.18,340.2025,+0.59 (+0.17%),9432744.0,415.54,274.51,-1.0 (-1.0%),1842025.0,328.0
2021-09-30 13:52:23,261.32,+2.32 (+0.9%),2944167.0,327.67,141.9982,-0.58 (-0.58%),50582787.0,167.13,60.59,+0.52 (+0.87%),5394462.0,71.86,3291.01,-0.31 (-0.31%),1625152.0,4142.65,282.9601,-0.37 (-0.37%),17394017.0,329.18,340.23,+0.62 (+0.18%),9436039.0,415.54,274.56,-0.98 (-0.98%),1842907.0,328.0
2021-09-30 13:52:45,261.43,+2.43 (+0.94%),2947448.0,327.67,142.0301,-0.56 (-0.56%),50613679.0,167.13,60.6,+0.53 (+0.88%),5397842.0,71.86,3291.4199,-0.29 (-0.29%),1626206.0,4142.65,283.01,-0.35 (-0.35%),17402865.0,329.18,340.24,+0.63 (+0.19%),9453522.0,415.54,274.56,-0.98 (-0.98%),1843251.0,328.0
2021-09-30 13:53:07,261.4074,+2.41 (+0.93%),2949610.0,327.67,142.1,-0.51 (-0.51%),50674581.0,167.13,60.58,+0.51 (+0.85%),5400313.0,71.86,3290.01,-0.34 (-0.34%),1627636.0,4142.65,283.1,-0.32 (-0.32%),17417548.0,329.18,340.24,+0.63 (+0.19%),9458666.0,415.54,274.65,-0.95 (-0.95%),1845355.0,328.0
2021-09-30 13:53:26,261.4074,+2.41 (+0.93%),2951358.0,327.67,142.08,-0.53 (-0.53%),50729522.0,167.13,60.6,+0.53 (+0.88%),5402458.0,71.86,3292.52,-0.26 (-0.26%),1628498.0,4142.65,283.12,-0.31 (-0.31%),17425114.0,329.18,340.34,+0.73 (+0.21%),9461666.0,415.54,274.65,-0.95 (-0.95%),1845631.0,328.0
2021-09-30 13:53:48,261.35,+2.35 (+0.91%),2952895.0,327.67,142.1086,-0.51 (-0.51%),50748150.0,167.13,60.61,+0.54 (+0.9%),5403769.0,71.86,3295.1299,-0.18 (-0.18%),1629635.0,4142.65,283.21,-0.28 (-0.28%),17442905.0,329.18,340.5,+0.89 (+0.26%),9472235.0,415.54,274.65,-0.95 (-0.95%),1846500.0,328.0
2021-09-30 13:54:09,261.523,+2.52 (+0.97%),2960159.0,327.67,142.17,-0.46 (-0.46%),50833397.0,167.13,60.62,+0.55 (+0.92%),5405121.0,71.86,3295.1299,-0.18 (-0.18%),1629932.0,4142.65,283.2859,-0.25 (-0.25%),17459594.0,329.18,340.48,+0.87 (+0.26%),9477786.0,415.54,274.77,-0.91 (-0.91%),1847323.0,328.0
2021-09-30 13:54:30,261.6399,+2.64 (+1.02%),2962263.0,327.67,142.2323,-0.42 (-0.42%),50925803.0,167.13,60.65,+0.58 (+0.97%),5408477.0,71.86,3295.1299,-0.18 (-0.18%),1630871.0,4142.65,283.41,-0.21 (-0.21%),17480103.0,329.18,340.5,+0.89 (+0.26%),9512772.0,415.54,274.84,-0.88 (-0.88%),1850640.0,328.0
2021-09-30 13:54:52,261.7,+2.7 (+1.04%),2965177.0,,142.24,-0.41 (-0.41%),51034350.0,167.13,60.6799,+0.61 (+1.02%),5420861.0,71.86,3297.1826,-0.12 (-0.12%),1632419.0,4142.65,283.38,-0.22 (-0.22%),17497151.0,329.18,340.53,+0.92 (+0.27%),9528661.0,415.54,274.76,-0.91 (-0.91%),1852396.0,328.0
2021-09-30 13:55:14,261.65,+2.65 (+1.02%),2967786.0,327.67,142.2,-0.44 (-0.44%),51103219.0,167.13,60.66,+0.59 (+0.98%),5427669.0,71.86,3295.6499,-0.17 (-0.17%),1633589.0,4142.65,283.41,-0.21 (-0.21%),17512245.0,329.18,340.5,+0.89 (+0.26%),9566673.0,415.54,274.74,-0.92 (-0.92%),1856480.0,328.0
